title,name,url,location,date
PHP Developer,Octact Solutions,http:/octact.com,Bangalore,19 Sep
PHP Developer,MUrgency,http:/murgency.com/ignb5,mumbai,19 Sep
"Member, Research & Development",Valued Epistemics Private Limited,http:/vepl.com/0ssjy,Chennai,18 Sep
Senior Test Engineer for a Movie Streaming Startup,HeroTalkies,http:/herotalkies.com/xaaah,Chennai,18 Sep
Content Writer Intern,Rizort Inc,http:/rizort.com/96ipm,Bangalore,18 Sep
Customer Support Specialist,Synup Digital Pvt Ltd,http:/synup.com/4jv47,Bangalore,18 Sep
Opportunity for Tableau Consultant/BI Consultant,USEReady Technology Pvt. Ltd.,http:/useready.com/qtn3m,Bangalore,18 Sep
ar/vr,AntiAlias Ventures Pvt. Ltd.,http:/theantialias.com,New Delhi,18 Sep
Machine Learning Engineer,Saloni Mehta,http:/flochat.in,Mumbai,18 Sep
RoR Engineers(full-stack),MangoApps,http:/mangoapps.com/hrwrm,Pune,18 Sep
Account Manager (Inbound),Snackexperts,http:/snackexperts.com,Chennai,18 Sep
Direct Sales Manager,Photojaanic,http:/nvi.co.in/dtz16,"Mapusa, Goa",18 Sep
Position for Quality Analyst,LetsMobility Software Solutions Pvt. Ltd.,http:/letsmobility.com,Hyderabad,18 Sep
Ruby on Rails Developer,Vakilsearch,http:/vakilsearch.com,Chennai,18 Sep
"Quality Assurance Engineer with Pepo, Pune","Pepo,Inc.",http:/pepo.com/3n9al,Pune,18 Sep
Javascript Developer with 1-4 years of exp,Happily Unmarried Marketing Pvt Ltd,http:/happilyunmarried.com/qy397,New Delhi,18 Sep
Front End UI/UX Developer,Opsfinity,http:/opsfinity.com,Bangalore,18 Sep
Expert Android Programmer for a month,WildTrails,http:/wildtrails.in/s4qj7,Bangalore,17 Sep
Civil Maps is Hiring for Senior Data Scientist,Civil Maps,http:/civilmaps.com,Hyderabad,17 Sep
Frontend Developer,Imisno,http:/imisno.com/ysq9n,Bangalore,17 Sep
Full Stack Developer,zoha,http:/homepal.in/qs4u0,chennai,17 Sep
NodeJS developer needed for a security startup,Gate Pass,http:/swachhmap.com,Bangalore,17 Sep
Instructor/Teacher for Web development,Mohit Madaan,http:/acadview.com/qkx4t,"Ambala, Haryana",17 Sep
Product Engineer,MarketPulse Technologies,http:/market-pulse.in/11cd7,Mumbai,16 Sep
Senior Software Engineer,Getwings Creative Lab Pvt. Ltd.,http:/getwings.in/28rso,Delhi,16 Sep
Python Developer,Sosio Technologies Pvt. Ltd,http:/sosio.in/0ku38,Hyderabad,16 Sep
PHP Developer | Ahmedabad | Salary 30000,MASK Manpower,http:/maskmanpower.com,Ahmedabad,16 Sep
Codec Developer,We are hiring for one of the leading Technology company headquartered in London,http:/awnics.com,Pune,16 Sep
Corporate Sales Manager,Client of People Skills,http:/peopleskillssolutions.com/ez25y,bangalore,16 Sep
Excellent opportunity for Talented Front End Developers,HireAJackal,http:/hireajackal.com,Navi Mumbai,15 Sep
Product Owners to build for 87 Million students at India's largest EdTech Platform,Careers360,http:/careers360.com,New Delhi,15 Sep
Ruby Developers / Short term contract,Cybrilla Technologies,http:/cybrilla.com/fxqwm,Bangalore,15 Sep
